,n_items,n_questions,n_dims_model,train_err,train_n,train_err_norm,test_err,test_n,test_err_norm,n_dims_gt,run
0,10,100,2,1907.998643111111,80,23.849983038888887,647.013149477426,20,32.3506574738713,10,0
1,10,100,2,1361.1565484317925,80,17.014456855397405,501.6022521910594,20,25.08011260955297,10,1
2,10,100,2,1150.6067551044455,80,14.38258443880557,676.029262987906,20,33.8014631493953,10,2
3,10,100,2,1146.9766371637563,80,14.337207964546954,441.46957855992804,20,22.0734789279964,10,3
4,10,100,2,1208.2237819690206,80,15.102797274612758,321.4231249122948,20,16.071156245614738,10,4
5,10,100,2,877.7457397647717,80,10.971821747059646,273.08480036234323,20,13.65424001811716,10,5
6,10,100,2,856.5704082382083,80,10.707130102977604,280.5319123168739,20,14.026595615843695,10,6
7,10,100,2,1148.6400873260595,80,14.358001091575744,456.9358994513766,20,22.84679497256883,10,7
8,10,100,2,1055.8742045887577,80,13.198427557359471,322.779959023745,20,16.13899795118725,10,8
9,10,100,2,1490.1516815428217,80,18.626896019285272,486.5799554287412,20,24.32899777143706,10,9
10,10,100,3,627.6019960263784,80,7.84502495032973,137.9852082877764,20,6.89926041438882,10,0
11,10,100,3,293.11150374864593,80,3.663893796858074,99.67608124423353,20,4.983804062211677,10,1
12,10,100,3,585.8471528464845,80,7.323089410581057,138.12576799965814,20,6.906288399982907,10,2
13,10,100,3,610.3611191100777,80,7.629513988875971,166.31805224934823,20,8.315902612467411,10,3
14,10,100,3,603.1391851666285,80,7.5392398145828565,177.7027896142979,20,8.885139480714894,10,4
15,10,100,3,723.7892425611611,80,9.047365532014513,223.53360630966569,20,11.176680315483285,10,5
16,10,100,3,484.88732100863575,80,6.0610915126079465,166.64522164518863,20,8.332261082259432,10,6
17,10,100,3,595.1728948542934,80,7.439661185678668,145.29144913541822,20,7.264572456770911,10,7
18,10,100,3,494.39060752131763,80,6.179882594016471,181.59862404007265,20,9.079931202003632,10,8
19,10,100,3,352.3503779131641,80,4.404379723914551,128.88943056660494,20,6.444471528330247,10,9
20,10,100,5,210.37964921115372,80,2.6297456151394214,83.37066622537625,20,4.1685333112688125,10,0
21,10,100,5,241.61142198371536,80,3.020142774796442,117.93735860901772,20,5.896867930450886,10,1
22,10,100,5,176.36533417424502,80,2.2045666771780628,76.63069995993358,20,3.831534997996679,10,2
23,10,100,5,199.39762368665262,80,2.492470296083158,83.57284032950177,20,4.178642016475089,10,3
24,10,100,5,236.16557757602237,80,2.9520697197002796,73.55599430822022,20,3.677799715411011,10,4
25,10,100,5,180.1036700886231,80,2.251295876107789,83.61069442567639,20,4.180534721283819,10,5
26,10,100,5,174.2958108909941,80,2.178697636137426,112.23546658298612,20,5.611773329149306,10,6
27,10,100,5,212.52354703297388,80,2.6565443379121736,114.6373005793126,20,5.73186502896563,10,7
28,10,100,5,215.34931616582358,80,2.691866452072795,58.15515517994116,20,2.9077577589970582,10,8
29,10,100,5,184.91697807715457,80,2.311462225964432,68.9353007804147,20,3.446765039020735,10,9
30,10,100,8,136.19980681394097,80,1.702497585174262,155.84882892186073,20,7.7924414460930365,10,0
31,10,100,8,165.34231246696885,80,2.0667789058371104,55.515650422189836,20,2.775782521109492,10,1
32,10,100,8,167.6121607237238,80,2.0951520090465476,105.84235413066173,20,5.292117706533086,10,2
33,10,100,8,173.97239412828822,80,2.1746549266036026,59.284274346089596,20,2.96421371730448,10,3
34,10,100,8,192.32381359306498,80,2.404047669913312,108.30435399187608,20,5.415217699593804,10,4
35,10,100,8,156.79617241027694,80,1.9599521551284618,98.94462163771531,20,4.947231081885766,10,5
36,10,100,8,143.1739077404412,80,1.7896738467555149,44.263283605995994,20,2.2131641802998,10,6
37,10,100,8,144.8895807788005,80,1.8111197597350064,3407.9784175215973,20,170.39892087607987,10,7
38,10,100,8,155.04740361220388,80,1.9380925451525486,60.80656973654173,20,3.040328486827087,10,8
39,10,100,8,nan,80,nan,77.61384285025338,20,3.880692142512669,10,9
40,10,100,13,148.74778095969413,80,1.8593472619961766,98.25521340912405,20,4.912760670456203,10,0
41,10,100,13,170.31588427574098,80,2.1289485534467625,82.80260774764614,20,4.140130387382307,10,1
42,10,100,13,186.55284921263387,80,2.3319106151579234,52.80753232987057,20,2.6403766164935285,10,2
43,10,100,13,144.04861562087763,80,1.8006076952609704,86.45934568777042,20,4.322967284388521,10,3
44,10,100,13,156.70700820454573,80,1.9588376025568217,52.018435633015,20,2.60092178165075,10,4
45,10,100,13,155.71775657517105,80,1.946471957189638,73.78734069595549,20,3.6893670347977747,10,5
46,10,100,13,160.18740462255738,80,2.0023425577819673,162.1352172768845,20,8.106760863844226,10,6
47,10,100,13,112.9519171797113,80,1.4118989647463913,18537.883487777148,20,926.8941743888574,10,7
48,10,100,13,171.9199581319059,80,2.148999476648824,100.94024608177617,20,5.047012304088808,10,8
49,10,100,13,157.76077878530938,80,1.9720097348163672,65.74258510222684,20,3.287129255111342,10,9
50,10,100,21,155.53552009794677,80,1.9441940012243346,157.84468691993766,20,7.892234345996883,10,0
51,10,100,21,151.11692193612586,80,1.8889615242015734,61.220706390835986,20,3.061035319541799,10,1
52,10,100,21,148.29624402580964,80,1.8537030503226206,78.35304838722615,20,3.917652419361308,10,2
53,10,100,21,138.4842441530322,80,1.7310530519129024,46.5907431975463,20,2.329537159877315,10,3
54,10,100,21,143.57931991075986,80,1.7947414988844983,62.21584366253155,20,3.1107921831265775,10,4
55,10,100,21,160.4316415205312,80,2.00539551900664,67.47447420203973,20,3.3737237101019866,10,5
56,10,100,21,124.16678220289236,80,1.5520847775361546,68.10260141246748,20,3.405130070623374,10,6
57,10,100,21,139.86223613500303,80,1.748277951687538,78.1271059131095,20,3.9063552956554752,10,7
58,10,100,21,142.83860745171106,80,1.7854825931463882,54.038855406376456,20,2.701942770318823,10,8
59,10,100,21,151.1296153387926,80,1.8891201917349076,92.53387773026826,20,4.626693886513413,10,9
60,10,200,2,2485.473825246345,160,15.534211407789655,642.3646198900279,40,16.059115497250698,10,0
61,10,200,2,2189.976869462278,160,13.687355434139238,598.5620523007962,40,14.964051307519904,10,1
62,10,200,2,2233.7441311369857,160,13.960900819606161,466.4632607674065,40,11.661581519185162,10,2
63,10,200,2,nan,160,nan,569.5598919243386,40,14.238997298108464,10,3
64,10,200,2,1391.1546438307644,160,8.694716523942278,449.2283537522867,40,11.230708843807168,10,4
65,10,200,2,2788.878368418591,160,17.430489802616194,793.1552115800321,40,19.828880289500802,10,5
66,10,200,2,2991.1326442473796,160,18.694579026546123,648.8862683947297,40,16.22215670986824,10,6
67,10,200,2,2981.6857344445857,160,18.63553584027866,1476.119316006849,40,36.902982900171224,10,7
68,10,200,2,1893.6697108828103,160,11.835435693017564,548.3646026359013,40,13.709115065897532,10,8
69,10,200,2,2161.199888143263,160,13.507499300895393,688.0459558131766,40,17.201148895329418,10,9
70,10,200,3,1186.2823302689555,160,7.414264564180972,311.072872339424,40,7.7768218084856,10,0
71,10,200,3,1133.99822261643,160,7.087488891352687,218.91569257464906,40,5.472892314366226,10,1
72,10,200,3,1332.0549125100586,160,8.325343203187867,450.45260238197585,40,11.261315059549396,10,2
73,10,200,3,1119.4993509908568,160,6.996870943692855,245.38564281426335,40,6.134641070356584,10,3
74,10,200,3,1828.5905481012708,160,11.428690925632942,426.02255679025683,40,10.65056391975642,10,4
75,10,200,3,1068.4726681628072,160,6.677954176017545,313.5139658744618,40,7.837849146861545,10,5
76,10,200,3,921.0508639367816,160,5.756567899604885,258.4816986425551,40,6.4620424660638776,10,6
77,10,200,3,1329.9766795256014,160,8.312354247035008,386.6535265289328,40,9.666338163223319,10,7
78,10,200,3,1219.0372115043315,160,7.618982571902071,333.95706451192495,40,8.348926612798124,10,8
79,10,200,3,1074.3200572205267,160,6.714500357628292,340.39912086884067,40,8.509978021721016,10,9
80,10,200,5,581.2299303677543,160,3.632687064798464,176.9649256224863,40,4.424123140562157,10,0
81,10,200,5,412.9958324029208,160,2.581223952518255,143.22694056822857,40,3.5806735142057144,10,1
82,10,200,5,521.1925490452234,160,3.257453431532646,155.23869160778864,40,3.880967290194716,10,2
83,10,200,5,369.32046176946744,160,2.3082528860591713,139.76348807756034,40,3.4940872019390086,10,3
84,10,200,5,366.8335148716333,160,2.2927094679477085,136.68003310393888,40,3.4170008275984722,10,4
85,10,200,5,470.089884741403,160,2.938061779633769,208.1284577789047,40,5.203211444472617,10,5
86,10,200,5,372.14589588883683,160,2.32591184930523,173.5951904013643,40,4.3398797600341075,10,6
87,10,200,5,624.1256147502838,160,3.900785092189274,250.99120424217185,40,6.274780106054296,10,7
88,10,200,5,452.82178203483954,160,2.830136137717747,139.16565829856287,40,3.4791414574640718,10,8
89,10,200,5,547.3562919005726,160,3.4209768243785788,154.0255944722664,40,3.85063986180666,10,9
90,10,200,8,327.78413351898274,160,2.048650834493642,142.0289689389356,40,3.5507242234733902,10,0
91,10,200,8,446.0622031095588,160,2.7878887694347427,145.8448651592389,40,3.6461216289809726,10,1
92,10,200,8,362.24439302149614,160,2.2640274563843508,116.98534421027686,40,2.9246336052569215,10,2
93,10,200,8,329.45895131973765,160,2.0591184457483602,110.76284894722599,40,2.76907122368065,10,3
94,10,200,8,355.6020741368157,160,2.222512963355098,162.58852558368778,40,4.064713139592195,10,4
95,10,200,8,435.63118358441983,160,2.722694897402624,188.38190101387062,40,4.709547525346766,10,5
96,10,200,8,386.88752065108105,160,2.4180470040692565,130.15987984217827,40,3.2539969960544566,10,6
97,10,200,8,369.3911635455271,160,2.3086947721595443,132.52033862661838,40,3.3130084656654595,10,7
98,10,200,8,353.610155494452,160,2.210063471840325,159.2378011358286,40,3.980945028395715,10,8
99,10,200,8,323.8998566144846,160,2.0243741038405285,105.96983043975932,40,2.649245760993983,10,9
100,10,200,13,376.95449062889156,160,2.355965566430572,123.68851162420096,40,3.092212790605024,10,0
101,10,200,13,343.26647722593384,160,2.1454154826620866,108.39400229380551,40,2.709850057345138,10,1
102,10,200,13,336.4533487625939,160,2.102833429766212,124.98532244281296,40,3.124633061070324,10,2
103,10,200,13,375.14014292402624,160,2.344625893275164,105.16234536814494,40,2.6290586342036235,10,3
104,10,200,13,372.18459650849894,160,2.3261537281781184,131.71487934151,40,3.29287198353775,10,4
105,10,200,13,374.38484292056756,160,2.3399052682535473,155.56914775240017,40,3.8892286938100042,10,5
106,10,200,13,326.03686421196,160,2.03773040132475,81.53898648241413,40,2.038474662060353,10,6
107,10,200,13,339.07640998966474,160,2.1192275624354044,116.51371820514308,40,2.912842955128577,10,7
108,10,200,13,362.1197864904935,160,2.2632486655655843,112.82974574924064,40,2.8207436437310163,10,8
109,10,200,13,381.9872855965339,160,2.387420534978337,107.26000108928464,40,2.681500027232116,10,9
110,10,200,21,375.37070938542735,160,2.346066933658921,119.5144969800429,40,2.9878624245010728,10,0
111,10,200,21,351.3274567952511,160,2.1957966049703197,101.45689357649174,40,2.5364223394122933,10,1
112,10,200,21,368.64470049334875,160,2.30402937808343,122.60902560931898,40,3.0652256402329745,10,2
113,10,200,21,413.04622888725095,160,2.5815389305453182,167.74897054079025,40,4.193724263519757,10,3
114,10,200,21,403.74337704786154,160,2.523396106549135,101.67911183514413,40,2.541977795878603,10,4
115,10,200,21,398.5575751281618,160,2.490984844551011,135.28952779232625,40,3.3822381948081564,10,5
116,10,200,21,365.02687501023223,160,2.2814179688139515,106.01608514585125,40,2.6504021286462813,10,6
117,10,200,21,389.93467295526574,160,2.4370917059704107,114.65509972822737,40,2.8663774932056842,10,7
118,10,200,21,307.41914718008513,160,1.921369669875532,140.20964888183735,40,3.505241222045934,10,8
119,10,200,21,376.7341764474127,160,2.3545886027963294,102.7074558105127,40,2.5676863952628173,10,9
120,25,100,2,1600.9468477959165,80,20.011835597448957,975.1141345232461,20,48.7557067261623,10,0
121,25,100,2,1474.8064976582828,80,18.435081220728534,4207.547235343374,20,210.3773617671687,10,1
122,25,100,2,1574.2133951278524,80,19.677667439098155,641.6727734752394,20,32.08363867376197,10,2
123,25,100,2,1204.4419952025605,80,15.055524940032006,2069.720644130206,20,103.4860322065103,10,3
124,25,100,2,1668.8496698293852,80,20.860620872867315,1129.2886082848952,20,56.46443041424476,10,4
125,25,100,2,1302.4199614448978,80,16.280249518061222,2476.847925311958,20,123.8423962655979,10,5
126,25,100,2,1288.8352804193225,80,16.110441005241533,1489.3725756514032,20,74.46862878257016,10,6
127,25,100,2,1687.3398416317377,80,21.09174802039672,2908.8147688106556,20,145.44073844053278,10,7
128,25,100,2,1535.7032529579467,80,19.196290661974334,1387.2272002049663,20,69.36136001024832,10,8
129,25,100,2,1488.6434994378487,80,18.60804374297311,4168.485495964345,20,208.42427479821725,10,9
130,25,100,3,591.4535932024994,80,7.393169915031242,3269.1657883553908,20,163.45828941776955,10,0
131,25,100,3,630.2518862721178,80,7.878148578401472,2959.1524029037673,20,147.95762014518837,10,1
132,25,100,3,995.8793972042633,80,12.448492465053292,1512.0507850187141,20,75.6025392509357,10,2
133,25,100,3,724.4021621533074,80,9.055027026916342,1753.6995281809122,20,87.68497640904562,10,3
134,25,100,3,1007.0867764122678,80,12.588584705153348,1288.9456030853796,20,64.44728015426898,10,4
135,25,100,3,917.3188040612658,80,11.466485050765822,4048.880933922066,20,202.4440466961033,10,5
136,25,100,3,602.0763353369732,80,7.525954191712165,1590.772410780556,20,79.53862053902779,10,6
137,25,100,3,871.6505685702009,80,10.895632107127511,3176.9746116355127,20,158.84873058177564,10,7
138,25,100,3,1111.8264402209502,80,13.897830502761877,1389.7370488301,20,69.48685244150501,10,8
139,25,100,3,760.0849778372763,80,9.501062222965952,3800.5411085478377,20,190.02705542739187,10,9
140,25,100,5,182.9942955478359,80,2.2874286943479487,2482.5570528166627,20,124.12785264083314,10,0
141,25,100,5,254.96838348858262,80,3.1871047936072827,1053.1900989492483,20,52.659504947462416,10,1
142,25,100,5,151.5974914120104,80,1.8949686426501302,2702.5300818486885,20,135.12650409243443,10,2
143,25,100,5,142.79416195028566,80,1.7849270243785706,736.6477415283771,20,36.832387076418854,10,3
144,25,100,5,217.26229333631355,80,2.7157786667039194,821.0461780204079,20,41.052308901020396,10,4
145,25,100,5,134.65778460780325,80,1.6832223075975405,9428.2034665045,20,471.41017332522495,10,5
146,25,100,5,207.58885905757373,80,2.594860738219672,1682.9118841479938,20,84.14559420739968,10,6
147,25,100,5,197.80308435139057,80,2.472538554392382,1508.4315421564622,20,75.42157710782311,10,7
148,25,100,5,221.74898532995246,80,2.771862316624406,454.1979859274256,20,22.70989929637128,10,8
149,25,100,5,115.80862608947085,80,1.4476078261183856,623.6407556023726,20,31.182037780118627,10,9
150,25,100,8,37.21475067444705,80,0.46518438343058816,8986.787790919183,20,449.33938954595914,10,0
151,25,100,8,40.59529539720708,80,0.5074411924650886,2166.276476950199,20,108.31382384750995,10,1
152,25,100,8,34.46468319787681,80,0.43080853997346014,1020.694464506999,20,51.03472322534995,10,2
153,25,100,8,54.161033462120365,80,0.6770129182765046,4621.138395518591,20,231.05691977592954,10,3
154,25,100,8,26.80247857091758,80,0.33503098213646976,793.7890224656202,20,39.68945112328101,10,4
155,25,100,8,49.322162518563836,80,0.6165270314820479,830.5142599608236,20,41.52571299804118,10,5
156,25,100,8,30.298429550665197,80,0.37873036938331495,4681.61854177039,20,234.0809270885195,10,6
157,25,100,8,39.030356933398394,80,0.4878794616674799,2844.907592018177,20,142.24537960090885,10,7
158,25,100,8,35.75473632681981,80,0.44693420408524764,2917.394508966376,20,145.8697254483188,10,8
159,25,100,8,43.74504481383164,80,0.5468130601728955,1597.0448775568016,20,79.85224387784008,10,9
160,25,100,13,30.672535469087066,80,0.38340669336358835,36305.32861358856,20,1815.266430679428,10,0
161,25,100,13,23.121206096036317,80,0.28901507620045397,3933.0694128726946,20,196.65347064363473,10,1
162,25,100,13,23.466702761416684,80,0.29333378451770853,7990.593810305157,20,399.5296905152578,10,2
163,25,100,13,22.069875110678858,80,0.2758734388834857,32936.89928971223,20,1646.8449644856114,10,3
164,25,100,13,18.33468111927861,80,0.22918351399098263,2327.100852500781,20,116.35504262503905,10,4
165,25,100,13,22.002317080274942,80,0.27502896350343675,47793.11100138908,20,2389.655550069454,10,5
166,25,100,13,21.48057467288674,80,0.26850718341108426,6100.599764766269,20,305.0299882383134,10,6
167,25,100,13,29.664249816189788,80,0.37080312270237237,5833.449437797545,20,291.6724718898773,10,7
168,25,100,13,28.49794005319575,80,0.3562242506649469,5885.528890541315,20,294.2764445270658,10,8
169,25,100,13,12.541805570071178,80,0.15677256962588973,1619.1869136361192,20,80.95934568180596,10,9
170,25,100,21,27.04741458036908,80,0.3380926822546135,473436.89126648864,20,23671.844563324434,10,0
171,25,100,21,24.09707484315145,80,0.3012134355393931,106270.67071468246,20,5313.533535734123,10,1
172,25,100,21,nan,80,nan,2058583.8728306538,20,102929.19364153269,10,2
173,25,100,21,26.759664289443236,80,0.33449580361804043,5074.95902758075,20,253.74795137903752,10,3
174,25,100,21,24.274142041509347,80,0.3034267755188668,151224.80604483254,20,7561.240302241627,10,4
175,25,100,21,13.782606001864515,80,0.17228257502330643,95586.28697490922,20,4779.314348745461,10,5
176,25,100,21,20.97012802231678,80,0.26212660027895973,397880.00843957363,20,19894.000421978682,10,6
177,25,100,21,18.71088415408875,80,0.23388605192610937,55794.75539804406,20,2789.7377699022027,10,7
178,25,100,21,31.007995661550947,80,0.38759994576938683,49826356.83825463,20,2491317.8419127315,10,8
179,25,100,21,31.72665735558025,80,0.3965832169447531,2432370.1563392477,20,121618.50781696239,10,9
180,25,200,2,4462.102073889306,160,27.888137961808162,1683.4686139399957,40,42.086715348499894,10,0
181,25,200,2,8128.644997433231,160,50.804031233957694,7000.789579498812,40,175.0197394874703,10,1
182,25,200,2,5232.572379106849,160,32.70357736941781,10366.711200569545,40,259.16778001423864,10,2
183,25,200,2,4365.552993509849,160,27.284706209436557,4989.822751043568,40,124.7455687760892,10,3
184,25,200,2,3586.562136475303,160,22.416013352970644,1213.0683753370267,40,30.32670938342567,10,4
185,25,200,2,7450.38796291711,160,46.56492476823193,10252.847075671605,40,256.3211768917901,10,5
186,25,200,2,3659.711800886985,160,22.873198755543658,1887.0813004752424,40,47.17703251188106,10,6
187,25,200,2,5767.030268655316,160,36.04393917909572,2697.3461222548826,40,67.43365305637207,10,7
188,25,200,2,4667.727890139318,160,29.17329931337074,4538.040432394611,40,113.45101080986528,10,8
189,25,200,2,4201.6166582535125,160,26.260104114084452,3373.7439107731043,40,84.3435977693276,10,9
190,25,200,3,2572.068075810367,160,16.075425473814796,12997.340749037103,40,324.93351872592757,10,0
191,25,200,3,2067.811550262156,160,12.923822189138473,1345.9218929200447,40,33.648047323001116,10,1
192,25,200,3,2706.5684856427,160,16.916053035266877,2588.2793133360883,40,64.70698283340221,10,2
193,25,200,3,2557.0447363051885,160,15.981529601907429,1226.7884769035252,40,30.669711922588128,10,3
194,25,200,3,1848.2854227774328,160,11.551783892358955,4143.410029215712,40,103.5852507303928,10,4
195,25,200,3,2099.2556738077938,160,13.12034796129871,2181.733287642828,40,54.543332191070704,10,5
196,25,200,3,2126.2731774699423,160,13.28920735918714,824.4908409139867,40,20.61227102284967,10,6
197,25,200,3,1560.1900330832973,160,9.751187706770608,2545.626694044522,40,63.64066735111305,10,7
198,25,200,3,2379.067268872882,160,14.869170430455512,1011.8742354587281,40,25.2968558864682,10,8
199,25,200,3,2552.818388007568,160,15.955114925047301,1458.1057745745627,40,36.45264436436407,10,9
200,25,200,5,1251.0818474586142,160,7.819261546616339,5874.16228465003,40,146.85405711625077,10,0
201,25,200,5,1027.0803020054018,160,6.419251887533761,641.9526583397932,40,16.04881645849483,10,1
202,25,200,5,1346.4326988036544,160,8.41520436752284,1189.3520657283043,40,29.733801643207606,10,2
203,25,200,5,960.4009147368084,160,6.002505717105053,356.233852336944,40,8.9058463084236,10,3
204,25,200,5,835.56615924933,160,5.222288495308312,2283.1108974950203,40,57.07777243737551,10,4
205,25,200,5,1227.6591913964414,160,7.672869946227759,4884.908085181484,40,122.1227021295371,10,5
206,25,200,5,1199.4328041559681,160,7.496455025974801,2328.9670720992794,40,58.224176802481985,10,6
207,25,200,5,1108.3647280019584,160,6.92727955001224,796.6993482483899,40,19.917483706209747,10,7
208,25,200,5,764.8294484178975,160,4.78018405261186,1839.7034696079747,40,45.99258674019937,10,8
209,25,200,5,674.7602609616171,160,4.2172516310101065,544.9336858554168,40,13.62334214638542,10,9
210,25,200,8,338.69908605570106,160,2.1168692878481314,1574.8681951735216,40,39.37170487933804,10,0
211,25,200,8,359.7103305583292,160,2.2481895659895574,2838.556068204405,40,70.96390170511013,10,1
212,25,200,8,466.1212869361448,160,2.913258043350905,1087.2300664864704,40,27.18075166216176,10,2
213,25,200,8,416.6023269661098,160,2.603764543538186,1264.4247035579892,40,31.61061758894973,10,3
214,25,200,8,382.6480091098979,160,2.391550056936862,3492.420665363539,40,87.31051663408847,10,4
215,25,200,8,491.45699991183784,160,3.0716062494489864,539.7592671856505,40,13.493981679641262,10,5
216,25,200,8,357.56548302959766,160,2.2347842689349853,620.3512287987987,40,15.508780719969968,10,6
217,25,200,8,593.286099023341,160,3.708038118895881,2835.499312204765,40,70.88748280511912,10,7
218,25,200,8,387.6361465969387,160,2.422725916230867,958.1399226569963,40,23.953498066424906,10,8
219,25,200,8,411.58055644192,160,2.5723784777620002,11232.56228691274,40,280.8140571728185,10,9
220,25,200,13,183.37115285291355,160,1.1460697053307096,30045.923080445933,40,751.1480770111483,10,0
221,25,200,13,165.62196554159758,160,1.0351372846349849,75850.17739810125,40,1896.2544349525313,10,1
222,25,200,13,185.73184833375612,160,1.1608240520859758,223783.04631320672,40,5594.576157830168,10,2
223,25,200,13,162.07782327638722,160,1.01298639547742,21371.0250107304,40,534.27562526826,10,3
224,25,200,13,184.034480717171,160,1.1502155044823188,6358.689579559188,40,158.96723948897971,10,4
225,25,200,13,252.31873810259222,160,1.5769921131412015,287051.7416287475,40,7176.293540718687,10,5
226,25,200,13,188.30131978014293,160,1.1768832486258933,126850.58939861212,40,3171.264734965303,10,6
227,25,200,13,175.76965394630793,160,1.0985603371644246,5093.001226637353,40,127.32503066593384,10,7
228,25,200,13,210.64889631602216,160,1.3165556019751385,350316.35332114657,40,8757.908833028665,10,8
229,25,200,13,212.6189441164549,160,1.3288684007278433,381717.58655741863,40,9542.939663935465,10,9
230,25,200,21,157.7794402293346,160,0.9861215014333412,19025.561786743037,40,475.63904466857593,10,0
231,25,200,21,163.45920600672528,160,1.021620037542033,61952.31042497793,40,1548.8077606244483,10,1
232,25,200,21,164.91549559390046,160,1.0307218474618778,53125716.17807749,40,1328142.9044519372,10,2
233,25,200,21,165.02301011482183,160,1.0313938132176363,29592.196022280565,40,739.8049005570141,10,3
234,25,200,21,149.91404470143843,160,0.9369627793839902,478678.5707253285,40,11966.964268133213,10,4
235,25,200,21,143.85737742544865,160,0.8991086089090541,18069.082048614724,40,451.7270512153681,10,5
236,25,200,21,159.56655743699224,160,0.9972909839812015,39837034.624103904,40,995925.8656025976,10,6
237,25,200,21,139.15523333367426,160,0.8697202083354642,24643.03401172535,40,616.0758502931337,10,7
238,25,200,21,142.45058294338878,160,0.8903161433961799,211596.697252325,40,5289.917431308125,10,8
239,25,200,21,164.00258881797436,160,1.0250161801123396,761095.5446020933,40,19027.388615052332,10,9
240,50,100,2,476.8813708082628,80,5.961017135103285,4504.0095879016335,20,225.2004793950817,10,0
241,50,100,2,643.996368468875,80,8.049954605860936,2156.88145658655,20,107.8440728293275,10,1
242,50,100,2,721.8597603375707,80,9.023247004219634,2633.133939939647,20,131.65669699698236,10,2
243,50,100,2,605.766935721899,80,7.572086696523738,6611.667334997826,20,330.5833667498913,10,3
244,50,100,2,1096.7895441694884,80,13.709869302118605,7439.157272980551,20,371.95786364902756,10,4
245,50,100,2,560.5330440600775,80,7.006663050750968,1553.3522974566229,20,77.66761487283114,10,5
246,50,100,2,805.5533016067948,80,10.069416270084934,13631.297525088416,20,681.5648762544208,10,6
247,50,100,2,604.3571863035907,80,7.554464828794883,8032.815950326336,20,401.6407975163168,10,7
248,50,100,2,893.0660128899583,80,11.16332516112448,5418.1263273505965,20,270.9063163675298,10,8
249,50,100,2,569.3834334050038,80,7.117292917562547,5918.836480334927,20,295.94182401674635,10,9
250,50,100,3,120.8946521161292,80,1.511183151451615,11345.746400485024,20,567.2873200242512,10,0
251,50,100,3,231.33077883430053,80,2.891634735428757,5842.634482907298,20,292.1317241453649,10,1
252,50,100,3,287.7825150473109,80,3.597281438091386,3423.479325379227,20,171.17396626896135,10,2
253,50,100,3,259.329062397746,80,3.241613279971825,2085.4236080517157,20,104.27118040258578,10,3
254,50,100,3,292.38103958420237,80,3.6547629948025295,1894.4985232601687,20,94.72492616300843,10,4
255,50,100,3,133.7639490600273,80,1.6720493632503413,5801.80714692183,20,290.09035734609154,10,5
256,50,100,3,176.3454704828196,80,2.204318381035245,1854.3987597257722,20,92.71993798628861,10,6
257,50,100,3,160.8618861523112,80,2.01077357690389,7605.104044925698,20,380.2552022462849,10,7
258,50,100,3,249.67697407473634,80,3.120962175934204,2690.2076950852825,20,134.51038475426412,10,8
259,50,100,3,271.8667224510381,80,3.398334030637976,2271.892479821173,20,113.59462399105864,10,9
260,50,100,5,17.99405547726714,80,0.22492569346583924,3088.2683876031183,20,154.41341938015591,10,0
261,50,100,5,14.463690267219992,80,0.18079612834024988,2627.3846968563953,20,131.36923484281976,10,1
262,50,100,5,7.136522639199008,80,0.0892065329899876,2693.114468253391,20,134.65572341266954,10,2
263,50,100,5,13.491883129622833,80,0.1686485391202854,1590.0599862189233,20,79.50299931094617,10,3
264,50,100,5,10.577266282395493,80,0.13221582852994368,44664.58761938061,20,2233.2293809690304,10,4
265,50,100,5,20.07983549170212,80,0.2509979436462765,3723.2690528307994,20,186.16345264153998,10,5
266,50,100,5,6.600094101317497,80,0.08250117626646872,50586.608420187025,20,2529.330421009351,10,6
267,50,100,5,12.37101880615163,80,0.15463773507689538,2891.488999914182,20,144.5744499957091,10,7
268,50,100,5,9.493159335982412,80,0.11866449169978015,213518.08728476675,20,10675.904364238337,10,8
269,50,100,5,20.773651690106092,80,0.2596706461263262,6706.24109012219,20,335.3120545061095,10,9
270,50,100,8,1.0729008369328241,80,0.013411260461660302,7334.847000034108,20,366.7423500017054,10,0
271,50,100,8,7.197284692196796,80,0.08996605865245995,21895.500780455066,20,1094.7750390227534,10,1
272,50,100,8,2.875280704884798,80,0.03594100881105998,9903.483736994176,20,495.1741868497088,10,2
273,50,100,8,1.828962116416426,80,0.022862026455205325,37124.88196691898,20,1856.2440983459492,10,3
274,50,100,8,3.8188436722907824,80,0.04773554590363478,64195.64106914739,20,3209.7820534573693,10,4
275,50,100,8,2.547911691708935,80,0.03184889614636169,15650.528998755166,20,782.5264499377583,10,5
276,50,100,8,4.341374443577582,80,0.054267180544719774,33766.97141147834,20,1688.3485705739172,10,6
277,50,100,8,2.2243998248486125,80,0.027804997810607655,124739.39077907064,20,6236.969538953532,10,7
278,50,100,8,1.2548995838675212,80,0.015686244798344014,55160.42633989648,20,2758.0213169948242,10,8
279,50,100,8,1.8579903723731512,80,0.02322487965466439,24596.671403340824,20,1229.8335701670412,10,9
280,50,100,13,1.0208704609537222,80,0.012760880761921528,32636.67622297278,20,1631.833811148639,10,0
281,50,100,13,4.242172124681725,80,0.05302715155852157,17815.513202284546,20,890.7756601142273,10,1
282,50,100,13,3.357694791370731,80,0.04197118489213414,26925.421754862014,20,1346.2710877431007,10,2
283,50,100,13,0.8728783032995608,80,0.010910978791244511,1959664.114511318,20,97983.2057255659,10,3
284,50,100,13,1.3244827202516405,80,0.016556034003145505,39868.73191428466,20,1993.4365957142331,10,4
285,50,100,13,1.5668049261109307,80,0.019585061576386634,261643.88930826721,20,13082.19446541336,10,5
286,50,100,13,3.9621451168673074,80,0.04952681396084134,31484.63120621033,20,1574.2315603105167,10,6
287,50,100,13,1.583043567936552,80,0.0197880445992069,9519.333034130097,20,475.9666517065049,10,7
288,50,100,13,4.153693290802484,80,0.05192116613503105,43438.84786132411,20,2171.9423930662056,10,8
289,50,100,13,0.7549524293419468,80,0.009436905366774336,71876.09302036076,20,3593.804651018038,10,9
290,50,100,21,3.649874792935461,80,0.04562343491169326,32400158.620737184,20,1620007.9310368593,10,0
291,50,100,21,2.9487365225711284,80,0.0368592065321391,93504.34494491533,20,4675.217247245766,10,1
292,50,100,21,1.0398760066571124,80,0.012998450083213906,393328.4036899989,20,19666.420184499944,10,2
293,50,100,21,0.48636419943131054,80,0.006079552492891382,140590.29401046317,20,7029.514700523158,10,3
294,50,100,21,4.881802603920221,80,0.061022532549002764,13704804.042956788,20,685240.2021478394,10,4
295,50,100,21,2.0471470800169906,80,0.02558933850021238,53615.90745350291,20,2680.7953726751452,10,5
296,50,100,21,1.0348165819340913,80,0.01293520727417614,190911.75948745548,20,9545.587974372775,10,6
297,50,100,21,1.025657196427149,80,0.012820714955339364,1455366.2094190132,20,72768.31047095066,10,7
298,50,100,21,2.0705127470813096,80,0.02588140933851637,356180.57292681653,20,17809.028646340827,10,8
299,50,100,21,7.2811568328195015,80,0.09101446041024377,595167.4038113249,20,29758.370190566242,10,9
300,50,200,2,4226.385726594345,160,26.41491079121466,4563.0235410585565,40,114.07558852646392,10,0
301,50,200,2,3318.920058221301,160,20.74325036388313,3144.803293457067,40,78.62008233642668,10,1
302,50,200,2,4577.738564125838,160,28.610866025786486,14494.765589369144,40,362.3691397342286,10,2
303,50,200,2,3963.909190154976,160,24.7744324384686,8542.854600505862,40,213.57136501264654,10,3
304,50,200,2,3426.0394394275377,160,21.41274649642211,3319.922995752717,40,82.99807489381791,10,4
305,50,200,2,4210.510131350785,160,26.315688320942407,3432.941477172431,40,85.82353692931078,10,5
306,50,200,2,3407.297188828045,160,21.29560743017528,3601.173412847915,40,90.02933532119788,10,6
307,50,200,2,3938.6610931426876,160,24.6166318321418,14690.302988968568,40,367.2575747242142,10,7
308,50,200,2,3236.146005917214,160,20.225912536982587,5107.967578642905,40,127.69918946607262,10,8
309,50,200,2,2904.9604080425206,160,18.156002550265754,4819.839330930515,40,120.49598327326287,10,9
310,50,200,3,1563.915848072452,160,9.774474050452826,4485.361812390189,40,112.13404530975473,10,0
311,50,200,3,1659.5458461584171,160,10.372161538490108,8303.85326994053,40,207.59633174851325,10,1
312,50,200,3,1886.7395089290314,160,11.792121930806447,5416.497468308,40,135.4124367077,10,2
313,50,200,3,1625.6517871184333,160,10.160323669490207,11308.760814802088,40,282.7190203700522,10,3
314,50,200,3,1794.8493928597773,160,11.217808705373608,9482.58578005751,40,237.06464450143775,10,4
315,50,200,3,1590.1273959186296,160,9.938296224491435,4406.615936376008,40,110.1653984094002,10,5
316,50,200,3,1594.9846904769422,160,9.968654315480888,7190.019434690338,40,179.75048586725845,10,6
317,50,200,3,1895.0247418601496,160,11.843904636625934,7878.477178833018,40,196.96192947082545,10,7
318,50,200,3,1770.2650630779347,160,11.06415664423709,7701.336372962562,40,192.53340932406405,10,8
319,50,200,3,1884.4479121766813,160,11.777799451104258,7764.452110392123,40,194.1113027598031,10,9
320,50,200,5,466.9664440730722,160,2.918540275456701,5954.847511942626,40,148.87118779856564,10,0
321,50,200,5,359.80757937651623,160,2.2487973711032265,32142.482625223474,40,803.5620656305869,10,1
322,50,200,5,407.5278935783636,160,2.5470493348647727,5562.654315940638,40,139.06635789851595,10,2
323,50,200,5,524.0398430537655,160,3.275249019086034,5098.708744554073,40,127.46771861385182,10,3
324,50,200,5,456.12417308009486,160,2.8507760817505927,4324.143232246555,40,108.10358080616388,10,4
325,50,200,5,435.5709507061055,160,2.7223184419131594,5892.412456106862,40,147.31031140267154,10,5
326,50,200,5,355.71954112003647,160,2.223247132000228,4556.212192167244,40,113.9053048041811,10,6
327,50,200,5,560.325521687759,160,3.5020345105484934,6140.886692724409,40,153.52216731811023,10,7
328,50,200,5,439.7497082472657,160,2.7484356765454105,12792.208085830694,40,319.80520214576734,10,8
329,50,200,5,557.9311105607745,160,3.4870694410048406,14324.884284677937,40,358.1221071169484,10,9
330,50,200,8,41.970404584768424,160,0.26231502865480266,32252.287189565806,40,806.3071797391451,10,0
331,50,200,8,32.833218426115664,160,0.2052076151632229,29050.564810542022,40,726.2641202635506,10,1
332,50,200,8,44.68456252216296,160,0.27927851576351853,11029.555757436407,40,275.73889393591014,10,2
333,50,200,8,50.75932891906432,160,0.317245805744152,10643.62416693136,40,266.090604173284,10,3
334,50,200,8,84.96674409310222,160,0.5310421505818889,6114.738322496127,40,152.86845806240316,10,4
335,50,200,8,46.667722528764166,160,0.29167326580477604,11273.927327658152,40,281.8481831914538,10,5
336,50,200,8,44.33299181447669,160,0.2770811988404793,19178.192301115905,40,479.45480752789763,10,6
337,50,200,8,40.99752795526435,160,0.2562345497204022,30319.089744347137,40,757.9772436086785,10,7
338,50,200,8,59.68779915322647,160,0.37304874470766547,19403.93589421835,40,485.09839735545876,10,8
339,50,200,8,42.035173824183026,160,0.26271983640114394,5401.857595421428,40,135.0464398855357,10,9
340,50,200,13,8.318465043569239,160,0.05199040652230774,118699.01674401795,40,2967.475418600449,10,0
341,50,200,13,13.606359061470936,160,0.08503974413419335,31240.448584330643,40,781.0112146082661,10,1
342,50,200,13,11.122547538660548,160,0.06951592211662842,81702.89850259932,40,2042.572462564983,10,2
343,50,200,13,7.007337344234127,160,0.04379585840146329,23071.676251591645,40,576.7919062897911,10,3
344,50,200,13,10.847847400820932,160,0.06779904625513082,49698.18005490055,40,1242.4545013725137,10,4
345,50,200,13,7.661926962912786,160,0.047887043518204914,75079.76340373597,40,1876.9940850933992,10,5
346,50,200,13,17.076309880134385,160,0.10672693675083991,56939.14205673503,40,1423.4785514183757,10,6
347,50,200,13,14.095924823983525,160,0.08809953014989703,43141.58797025252,40,1078.539699256313,10,7
348,50,200,13,15.530805199951207,160,0.09706753249969505,78836.98490491745,40,1970.9246226229363,10,8
349,50,200,13,10.490801524323386,160,0.06556750952702116,43421.29355573395,40,1085.5323388933489,10,9
350,50,200,21,12.367471916132931,160,0.07729669947583082,399258.3275715876,40,9981.45818928969,10,0
351,50,200,21,14.402870654530618,160,0.09001794159081636,319916.5530629768,40,7997.91382657442,10,1
352,50,200,21,8.693579130381936,160,0.0543348695648871,170353.64200590752,40,4258.841050147688,10,2
353,50,200,21,8.069968051712515,160,0.05043730032320322,434736.80715397943,40,10868.420178849487,10,3
354,50,200,21,5.835869873849443,160,0.03647418671155902,88923.91533480698,40,2223.0978833701747,10,4
355,50,200,21,6.304190078867503,160,0.039401187992921895,109635.44597547184,40,2740.886149386796,10,5
356,50,200,21,6.629901212438174,160,0.04143688257773859,98273.95540230414,40,2456.8488850576036,10,6
357,50,200,21,5.4766083095077995,160,0.03422880193442375,115896.7282235836,40,2897.41820558959,10,7
358,50,200,21,10.811408865254986,160,0.06757130540784366,1473695.1414991675,40,36842.37853747919,10,8
359,50,200,21,12.70430146315622,160,0.07940188414472638,91012.42945423882,40,2275.3107363559707,10,9
360,75,100,2,312.75312512148133,80,3.9094140640185167,5096.833880160781,20,254.84169400803904,10,0
361,75,100,2,243.263162261825,80,3.0407895282728123,4598.747414107536,20,229.93737070537682,10,1
362,75,100,2,307.7277549118632,80,3.84659693639829,7186.050744976151,20,359.30253724880754,10,2
363,75,100,2,370.6193436487706,80,4.632741795609633,5517.265678237038,20,275.8632839118519,10,3
364,75,100,2,266.5522455718433,80,3.331903069648041,8224.36694961668,20,411.21834748083404,10,4
365,75,100,2,217.0224669157536,80,2.71278083644692,4041.447910151699,20,202.07239550758496,10,5
366,75,100,2,364.6908079860957,80,4.558635099826196,3474.185414242399,20,173.70927071211995,10,6
367,75,100,2,281.8904139112629,80,3.523630173890786,5219.188228661214,20,260.9594114330607,10,7
368,75,100,2,347.2962797630873,80,4.341203497038591,4267.548179368422,20,213.3774089684211,10,8
369,75,100,2,293.8392123357808,80,3.6729901541972603,1466.5412656006754,20,73.32706328003377,10,9
370,75,100,3,52.76736351601617,80,0.6595920439502021,6744.928525531624,20,337.2464262765812,10,0
371,75,100,3,70.70956105941967,80,0.8838695132427459,5453.410280256314,20,272.6705140128157,10,1
372,75,100,3,54.74463556394957,80,0.6843079445493696,3526.602478466536,20,176.3301239233268,10,2
373,75,100,3,37.59710822668585,80,0.4699638528335731,15304.748151453208,20,765.2374075726605,10,3
374,75,100,3,48.87048414692023,80,0.6108810518365029,11146.857520667825,20,557.3428760333912,10,4
375,75,100,3,35.52650915552971,80,0.4440813644441214,5495.55067780223,20,274.7775338901115,10,5
376,75,100,3,44.01085177110782,80,0.5501356471388478,4637.439790026222,20,231.8719895013111,10,6
377,75,100,3,37.00534509896496,80,0.462566813737062,9914.483259492543,20,495.7241629746271,10,7
378,75,100,3,56.26569922534223,80,0.7033212403167779,8823.069375219962,20,441.1534687609981,10,8
379,75,100,3,44.463940327991466,80,0.5557992540998933,8698.565113574568,20,434.9282556787284,10,9
380,75,100,5,4.758040317246823,80,0.059475503965585284,32096.290773443932,20,1604.8145386721967,10,0
381,75,100,5,2.6309606554717506,80,0.032887008193396884,128182.39505805509,20,6409.119752902754,10,1
382,75,100,5,7.815974543193848,80,0.0976996817899231,13594.209229684,20,679.7104614842,10,2
383,75,100,5,2.6602714864260317,80,0.0332533935803254,,20,,10,3
384,75,100,5,4.577440795117142,80,0.057218009938964275,5735.277029871743,20,286.76385149358714,10,4
385,75,100,5,3.158201961908916,80,0.039477524523861454,18479.610023109806,20,923.9805011554903,10,5
386,75,100,5,2.553387642494229,80,0.03191734553117786,4635.557744308905,20,231.77788721544525,10,6
387,75,100,5,3.054404439297889,80,0.038180055491223615,19423.17103476533,20,971.1585517382666,10,7
388,75,100,5,3.2402504042729774,80,0.04050313005341222,9137.639168180172,20,456.88195840900863,10,8
389,75,100,5,4.793081359097142,80,0.05991351698871428,5209.798743643864,20,260.4899371821932,10,9
390,75,100,8,1.460282534548756,80,0.01825353168185945,11659.673885022139,20,582.983694251107,10,0
391,75,100,8,2.1427047658359504,80,0.02678380957294938,17271.045746844597,20,863.5522873422299,10,1
392,75,100,8,0.31808559876089676,80,0.003976069984511209,37380.77814687504,20,1869.038907343752,10,2
393,75,100,8,0.5454383631027767,80,0.006817979538784709,8033.792222517034,20,401.6896111258517,10,3
394,75,100,8,2.5706358103112814,80,0.03213294762889102,10603.485198465874,20,530.1742599232937,10,4
395,75,100,8,1.1705191191340163,80,0.014631488989175203,16018.9432809428,20,800.94716404714,10,5
396,75,100,8,1.4916507913720165,80,0.018645634892150206,7952.508614150605,20,397.62543070753026,10,6
397,75,100,8,1.2088389938912003,80,0.015110487423640004,45107.242462090944,20,2255.362123104547,10,7
398,75,100,8,0.9331474402400507,80,0.011664343003000633,43230.62164734737,20,2161.5310823673685,10,8
399,75,100,8,2.106360221436531,80,0.026329502767956637,62819.279405046975,20,3140.9639702523486,10,9
400,75,100,13,1.2079975937690286,80,0.015099969922112858,26625.340066919838,20,1331.267003345992,10,0
401,75,100,13,1.0563597093282484,80,0.013204496366603105,296610.5030325803,20,14830.525151629015,10,1
402,75,100,13,0.7743641912032808,80,0.009679552390041011,122244.35536096862,20,6112.217768048431,10,2
403,75,100,13,0.5313438212600032,80,0.00664179776575004,220675.1569418159,20,11033.757847090794,10,3
404,75,100,13,0.6681886944735695,80,0.00835235868091962,809863.4256651078,20,40493.17128325539,10,4
405,75,100,13,1.6463427609453953,80,0.020579284511817442,45724.231814725645,20,2286.2115907362822,10,5
406,75,100,13,1.0688340141993686,80,0.013360425177492108,1169954.039854706,20,58497.7019927353,10,6
407,75,100,13,0.6135337734189029,80,0.007669172167736287,495382.1140870989,20,24769.105704354944,10,7
408,75,100,13,0.7172224581740287,80,0.008965280727175359,81050.4468499424,20,4052.52234249712,10,8
409,75,100,13,1.752191784024372,80,0.02190239730030465,62399.878001426834,20,3119.9939000713416,10,9
410,75,100,21,0.6133271419103551,80,0.007666589273879439,28547095.017024804,20,1427354.7508512402,10,0
411,75,100,21,0.47081454199616785,80,0.005885181774952098,14329037.83425642,20,716451.891712821,10,1
412,75,100,21,2.4345704317071704,80,0.03043213039633963,3896907.1473438716,20,194845.3573671936,10,2
413,75,100,21,2.455701431109136,80,0.030696267888864197,258237.49802898563,20,12911.874901449282,10,3
414,75,100,21,0.8107058096282409,80,0.010133822620353011,12730127.280437266,20,636506.3640218633,10,4
415,75,100,21,0.905505685042706,80,0.011318821063033824,1490724.056174104,20,74536.2028087052,10,5
416,75,100,21,0.8550631384166771,80,0.010688289230208464,607050.446472898,20,30352.522323644902,10,6
417,75,100,21,0.9468625015551719,80,0.01183578126943965,871940.7502581539,20,43597.03751290769,10,7
418,75,100,21,0.6163212260506424,80,0.007704015325633031,3405752.418483453,20,170287.62092417263,10,8
419,75,100,21,1.916002066039448,80,0.023950025825493097,61603665.133190826,20,3080183.2566595413,10,9
420,75,200,2,2255.5625846293055,160,14.097266153933159,6252.592508452846,40,156.31481271132117,10,0
421,75,200,2,2460.069853983402,160,15.375436587396262,8662.096564506137,40,216.55241411265342,10,1
422,75,200,2,2435.820587276754,160,15.223878670479712,6422.633836376555,40,160.5658459094139,10,2
423,75,200,2,2426.0082127975284,160,15.162551329984552,30161.27428039321,40,754.0318570098302,10,3
424,75,200,2,2514.6372521172816,160,15.71648282573301,7244.889039092003,40,181.12222597730008,10,4
425,75,200,2,2445.266858273148,160,15.282917864207175,21189.146917171907,40,529.7286729292977,10,5
426,75,200,2,2441.946443266232,160,15.26216527041395,11268.774346506416,40,281.7193586626604,10,6
427,75,200,2,2514.4802401015822,160,15.71550150063489,16300.787099422487,40,407.51967748556217,10,7
428,75,200,2,2595.8528573519475,160,16.224080358449672,13984.161909324,40,349.6040477331,10,8
429,75,200,2,2078.085604128838,160,12.988035025805237,6186.594117400297,40,154.66485293500745,10,9
430,75,200,3,1165.2394954390663,160,7.282746846494165,11124.551120614486,40,278.11377801536213,10,0
431,75,200,3,901.6175631360164,160,5.635109769600103,5863.019966790154,40,146.57549916975387,10,1
432,75,200,3,847.7588324364774,160,5.298492702727984,7050.802214141055,40,176.27005535352637,10,2
433,75,200,3,1035.40126350894,160,6.471257896930875,7709.801545101938,40,192.74503862754847,10,3
434,75,200,3,1083.1356956997815,160,6.769598098123635,7553.04916816485,40,188.82622920412126,10,4
435,75,200,3,912.0913501154366,160,5.700570938221479,11196.536798815254,40,279.91341997038137,10,5
436,75,200,3,1287.542152652997,160,8.047138454081232,10149.030756899765,40,253.72576892249413,10,6
437,75,200,3,1005.2832032497003,160,6.283020020310627,9507.647919773377,40,237.69119799433443,10,7
438,75,200,3,871.5155752890671,160,5.446972345556669,20688.431546327072,40,517.2107886581769,10,8
439,75,200,3,872.3081744148493,160,5.451926090092808,30387.780174000985,40,759.6945043500247,10,9
440,75,200,5,119.44799581185158,160,0.7465499738240724,8340.05729622659,40,208.50143240566476,10,0
441,75,200,5,155.37994555523608,160,0.9711246597202254,25714.655401398875,40,642.8663850349719,10,1
442,75,200,5,88.06210102649366,160,0.5503881314155854,5507.799711574145,40,137.69499278935362,10,2
443,75,200,5,82.78415026970724,160,0.5174009391856702,14110.784313463178,40,352.76960783657944,10,3
444,75,200,5,153.6361956319815,160,0.9602262226998844,71864.80217032254,40,1796.6200542580634,10,4
445,75,200,5,103.6210135677932,160,0.6476313347987075,16523.406928823966,40,413.08517322059913,10,5
446,75,200,5,127.3633298840134,160,0.7960208117750838,13173.413126388667,40,329.33532815971665,10,6
447,75,200,5,110.50425953614871,160,0.6906516221009295,11872.096493904734,40,296.8024123476183,10,7
448,75,200,5,110.71624990502008,160,0.6919765619063755,17044.962668009193,40,426.12406670022983,10,8
449,75,200,5,114.30621511438038,160,0.7144138444648773,12380.746541786328,40,309.5186635446582,10,9
450,75,200,8,6.333357860773018,160,0.03958348662983136,9036.323126470683,40,225.90807816176707,10,0
451,75,200,8,4.822064849159367,160,0.030137905307246044,29053.070354349416,40,726.3267588587354,10,1
452,75,200,8,5.955617893659201,160,0.037222611835370005,11113.126138913414,40,277.82815347283537,10,2
453,75,200,8,3.4143997796519505,160,0.02133999862282469,48428.71472382848,40,1210.717868095712,10,3
454,75,200,8,5.912268528251807,160,0.036951678301573795,64070.73626935821,40,1601.7684067339553,10,4
455,75,200,8,4.47364437756845,160,0.02796027735980281,52900.450143695496,40,1322.5112535923874,10,5
456,75,200,8,11.481415464214646,160,0.07175884665134154,8929.239940919057,40,223.23099852297642,10,6
457,75,200,8,4.485948024512162,160,0.028037175153201012,18232.019965985553,40,455.8004991496388,10,7
458,75,200,8,6.276093399012283,160,0.03922558374382677,113024.81009297015,40,2825.6202523242537,10,8
459,75,200,8,6.059171927942039,160,0.03786982454963774,63729.751805402,40,1593.2437951350498,10,9
460,75,200,13,2.4335523245984465,160,0.01520970202874029,42494.5416338705,40,1062.3635408467626,10,0
461,75,200,13,2.8288258054817264,160,0.01768016128426079,149858.35817176296,40,3746.458954294074,10,1
462,75,200,13,4.9166068948617445,160,0.030728793092885905,45674.3149202792,40,1141.8578730069798,10,2
463,75,200,13,2.883506450658748,160,0.018021915316617176,430154.78072048724,40,10753.869518012181,10,3
464,75,200,13,4.020402270755279,160,0.025127514192220497,202740.4874627674,40,5068.512186569185,10,4
465,75,200,13,2.939215553044402,160,0.018370097206527512,132298.04890585932,40,3307.451222646483,10,5
466,75,200,13,2.063965480185479,160,0.012899784251159244,2455124.8370595807,40,61378.120926489515,10,6
467,75,200,13,2.9508190757313253,160,0.018442619223320782,2127153.68539289,40,53178.842134822255,10,7
468,75,200,13,1.6909104194587365,160,0.010568190121617103,37438.56054218035,40,935.9640135545087,10,8
469,75,200,13,5.658925161379373,160,0.035368282258621084,81338.83055277028,40,2033.470763819257,10,9
470,75,200,21,1.1336605782049665,160,0.0070853786137810406,865801.4489358709,40,21645.03622339677,10,0
471,75,200,21,2.907507862872618,160,0.018171924142953863,1151880.2568457085,40,28797.006421142712,10,1
472,75,200,21,1.0301669758221244,160,0.006438543598888277,27120324.47337355,40,678008.1118343387,10,2
473,75,200,21,3.7090016548437004,160,0.023181260342773128,2688008.980742191,40,67200.22451855478,10,3
474,75,200,21,1.323616660205709,160,0.008272604126285681,8146033.344687995,40,203650.83361719985,10,4
475,75,200,21,1.8836676448178133,160,0.011772922780111333,10500876.049590958,40,262521.90123977396,10,5
476,75,200,21,7.592147197102412,160,0.04745091998189008,2197128.397314808,40,54928.209932870195,10,6
477,75,200,21,7.936961240431363,160,0.04960600775269602,138841.71024451774,40,3471.0427561129436,10,7
478,75,200,21,1.7707087654295801,160,0.011066929783934875,7305929.397060114,40,182648.23492650286,10,8
479,75,200,21,6.21414351309682,160,0.03883839695685513,816771.3751017124,40,20419.284377542812,10,9
480,100,100,2,113.76639342456927,80,1.422079917807116,1818.0529073000603,20,90.90264536500301,10,0
481,100,100,2,112.4808667765101,80,1.4060108347063762,13271.730789805843,20,663.5865394902921,10,1
482,100,100,2,69.14966340759486,80,0.8643707925949358,7002.441373251842,20,350.12206866259214,10,2
483,100,100,2,136.56451329141439,80,1.7070564161426798,3784.068016968726,20,189.2034008484363,10,3
484,100,100,2,106.62692791304997,80,1.3328365989131246,2242.2324984139805,20,112.11162492069903,10,4
485,100,100,2,159.74736677066124,80,1.9968420846332655,10630.766457555312,20,531.5383228777656,10,5
486,100,100,2,176.42987919470457,80,2.205373489933807,4587.407681029383,20,229.37038405146913,10,6
487,100,100,2,96.78457664115219,80,1.2098072080144022,2512.4286965885603,20,125.62143482942801,10,7
488,100,100,2,148.99048369265594,80,1.8623810461581993,5626.272226378521,20,281.31361131892606,10,8
489,100,100,2,147.53790436332454,80,1.8442238045415569,6955.863139306075,20,347.79315696530375,10,9
490,100,100,3,18.051373801401542,80,0.22564217251751928,3173.4539416708203,20,158.672697083541,10,0
491,100,100,3,13.059698719578044,80,0.16324623399472554,8461.83952233816,20,423.091976116908,10,1
492,100,100,3,17.670476082964562,80,0.22088095103705702,4092.3492267734914,20,204.61746133867456,10,2
493,100,100,3,7.00419327436853,80,0.08755241592960662,3009.703510338748,20,150.4851755169374,10,3
494,100,100,3,10.568021229954189,80,0.13210026537442737,3425.0355001743733,20,171.25177500871865,10,4
495,100,100,3,16.854655227694458,80,0.21068319034618072,5754.405921480775,20,287.72029607403874,10,5
496,100,100,3,15.018692981129599,80,0.18773366226411997,14269.077703251527,20,713.4538851625764,10,6
497,100,100,3,8.832582127052454,80,0.11040727658815568,2926.846868591897,20,146.34234342959485,10,7
498,100,100,3,8.22754301492195,80,0.10284428768652439,22378.719280743884,20,1118.9359640371943,10,8
499,100,100,3,17.629470779959668,80,0.22036838474949585,8748.648642765695,20,437.43243213828475,10,9
500,100,100,5,3.32170414913126,80,0.041521301864140756,11143.202500123212,20,557.1601250061606,10,0
501,100,100,5,3.8787027554771276,80,0.048483784443464094,10631.15072664106,20,531.557536332053,10,1
502,100,100,5,6.021186033394894,80,0.07526482541743618,25680.14647677814,20,1284.007323838907,10,2
503,100,100,5,0.9618588094347993,80,0.012023235117934992,22895.769853707,20,1144.7884926853499,10,3
504,100,100,5,0.5537683614797178,80,0.0069221045184964716,8315.413686255799,20,415.77068431278997,10,4
505,100,100,5,1.2900539155070336,80,0.01612567394383792,6813.091797549963,20,340.65458987749815,10,5
506,100,100,5,3.008912533289593,80,0.03761140666611991,12322.138849260464,20,616.1069424630232,10,6
507,100,100,5,0.8735966374987256,80,0.01091995796873407,30556.652916518164,20,1527.8326458259082,10,7
508,100,100,5,0.9317524698859647,80,0.011646905873574559,16134.507129144766,20,806.7253564572383,10,8
509,100,100,5,2.1662585774584975,80,0.02707823221823122,23550.370655894763,20,1177.5185327947381,10,9
510,100,100,8,0.9820677257822471,80,0.01227584657227809,23182.434736659077,20,1159.121736832954,10,0
511,100,100,8,0.4174525493537555,80,0.005218156866921944,126739.29185589285,20,6336.964592794642,10,1
512,100,100,8,1.3049848962271322,80,0.01631231120283915,9634.937954109737,20,481.74689770548684,10,2
513,100,100,8,0.9659033884275241,80,0.012073792355344051,27364.474600139583,20,1368.2237300069792,10,3
514,100,100,8,1.340101416975299,80,0.016751267712191237,39575.077159522094,20,1978.7538579761047,10,4
515,100,100,8,1.9929720104253486,80,0.024912150130316855,102621.28309560659,20,5131.06415478033,10,5
516,100,100,8,6.197162486933748,80,0.07746453108667185,24855.236713086902,20,1242.761835654345,10,6
517,100,100,8,0.4005017630054376,80,0.00500627203756797,410757.2980433935,20,20537.864902169673,10,7
518,100,100,8,0.7613973466206497,80,0.009517466832758122,16905.1994887346,20,845.2599744367301,10,8
519,100,100,8,0.8147329980569146,80,0.010184162475711432,17439.906167015946,20,871.9953083507974,10,9
520,100,100,13,nan,80,nan,136798.86028714362,20,6839.943014357181,10,0
521,100,100,13,0.9563713131982926,80,0.011954641414978658,223765.72645371346,20,11188.286322685673,10,1
522,100,100,13,0.57511292679575,80,0.007188911584946875,48582.44146327507,20,2429.1220731637536,10,2
523,100,100,13,0.44026131370888427,80,0.005503266421361053,397811.19060192094,20,19890.55953009605,10,3
524,100,100,13,1.1336255127765307,80,0.014170318909706634,3350368.0967254513,20,167518.40483627256,10,4
525,100,100,13,0.5215443469645138,80,0.006519304337056423,783983.129130732,20,39199.1564565366,10,5
526,100,100,13,0.7993534520355975,80,0.009991918150444968,954031.7113227915,20,47701.585566139576,10,6
527,100,100,13,0.5516783343762034,80,0.006895979179702543,360973.16736057674,20,18048.65836802884,10,7
528,100,100,13,1.0313958763972235,80,0.012892448454965294,147770.0061532527,20,7388.500307662635,10,8
529,100,100,13,0.16936931251774848,80,0.002117116406471856,94216.59612620041,20,4710.829806310021,10,9
530,100,100,21,0.7295566232472136,80,0.00911945779059017,321396433.9887737,20,16069821.699438686,10,0
531,100,100,21,1.1369869337932588,80,0.014212336672415735,8752219472.468763,20,437610973.6234382,10,1
532,100,100,21,0.8027400226877428,80,0.010034250283596785,9740066.86366106,20,487003.343183053,10,2
533,100,100,21,0.37689008064221713,80,0.004711126008027714,11556217.245421354,20,577810.8622710677,10,3
534,100,100,21,0.5892736480414832,80,0.00736592060051854,15139602.247262971,20,756980.1123631486,10,4
535,100,100,21,7.397871984256815,80,0.09247339980321019,16875256.579762004,20,843762.8289881002,10,5
536,100,100,21,0.8399111485390206,80,0.010498889356737758,6397895461.444254,20,319894773.0722127,10,6
537,100,100,21,0.12982062928329005,80,0.0016227578660411256,25399783801.507088,20,1269989190.0753543,10,7
538,100,100,21,0.31605312821373,80,0.003950664102671625,46939749.40366934,20,2346987.470183467,10,8
539,100,100,21,0.6287181102792386,80,0.007858976378490482,1066325997.4370203,20,53316299.87185101,10,9
540,100,200,2,1513.8509625254987,160,9.461568515784368,16325.41935804374,40,408.13548395109353,10,0
541,100,200,2,1394.5750889787964,160,8.716094306117478,7498.419771327365,40,187.46049428318412,10,1
542,100,200,2,1413.8563416396612,160,8.836602135247883,6413.203231633826,40,160.33008079084567,10,2
543,100,200,2,1476.506028463603,160,9.228162677897519,21285.52273696023,40,532.1380684240057,10,3
544,100,200,2,1640.9226587742824,160,10.255766617339265,19769.92092120292,40,494.248023030073,10,4
545,100,200,2,1505.570052399039,160,9.409812827493994,28574.60950013579,40,714.3652375033947,10,5
546,100,200,2,1463.9796327029358,160,9.14987270439335,13931.260065020628,40,348.2815016255157,10,6
547,100,200,2,1659.574915114131,160,10.37234321946332,7928.686035493819,40,198.21715088734547,10,7
548,100,200,2,1497.3334030186747,160,9.358333768866718,7528.695097648271,40,188.2173774412068,10,8
549,100,200,2,1717.113001101684,160,10.731956256885525,11657.42241445301,40,291.43556036132526,10,9
550,100,200,3,429.2926508807492,160,2.6830790680046825,25334.759461889786,40,633.3689865472446,10,0
551,100,200,3,461.25578438140764,160,2.8828486523837977,15429.81060500164,40,385.745265125041,10,1
552,100,200,3,441.73704891657144,160,2.7608565557285716,14296.78319969278,40,357.4195799923195,10,2
553,100,200,3,448.67824333118546,160,2.8042390208199093,16705.302642378578,40,417.63256605946447,10,3
554,100,200,3,433.8475518084548,160,2.7115471988028426,16747.24932181491,40,418.6812330453728,10,4
555,100,200,3,498.24212248437226,160,3.1140132655273267,15013.957806703644,40,375.34894516759107,10,5
556,100,200,3,425.24152134157384,160,2.6577595083848364,32291.762394798265,40,807.2940598699566,10,6
557,100,200,3,336.14730737839926,160,2.1009206711149955,16476.554746625276,40,411.91386866563187,10,7
558,100,200,3,386.03023979127926,160,2.4126889986954954,5790.512865880338,40,144.76282164700845,10,8
559,100,200,3,389.20561375197,160,2.4325350859498127,7342.582731140175,40,183.5645682785044,10,9
560,100,200,5,21.650878746064592,160,0.1353179921629037,60918.82232866672,40,1522.970558216668,10,0
561,100,200,5,30.582112231590283,160,0.19113820144743926,45613.389795702096,40,1140.3347448925524,10,1
562,100,200,5,20.201744737495027,160,0.12626090460934392,24401.83796976167,40,610.0459492440417,10,2
563,100,200,5,21.474140990605356,160,0.13421338119128348,26934.611861143116,40,673.3652965285779,10,3
564,100,200,5,13.194872116503047,160,0.08246795072814404,30484.925138713137,40,762.1231284678285,10,4
565,100,200,5,20.53827561887148,160,0.12836422261794675,21983.21319977274,40,549.5803299943185,10,5
566,100,200,5,19.832772259969023,160,0.12395482662480639,16719.86091093374,40,417.99652277334354,10,6
567,100,200,5,24.397761960299764,160,0.15248601225187353,15760.343437902302,40,394.00858594755755,10,7
568,100,200,5,15.853149155679995,160,0.09908218222299997,17411.700656690202,40,435.29251641725506,10,8
569,100,200,5,17.52526179425503,160,0.10953288621409393,26498.4317781856,40,662.46079445464,10,9
570,100,200,8,2.064357618310634,160,0.012902235114441463,42978.858113087386,40,1074.4714528271847,10,0
571,100,200,8,5.7822658107709595,160,0.036139161317318494,78262.88933234179,40,1956.5722333085446,10,1
572,100,200,8,4.207506983364417,160,0.026296918646027605,128449.26059511788,40,3211.231514877947,10,2
573,100,200,8,3.7136250147917775,160,0.02321015634244861,180752.21082618798,40,4518.8052706547,10,3
574,100,200,8,3.7450720991655126,160,0.023406700619784455,1190230.2445038103,40,29755.756112595256,10,4
575,100,200,8,3.4888484543648426,160,0.021805302839780265,24008.89140162409,40,600.2222850406022,10,5
576,100,200,8,2.596798175671295,160,0.016229988597945593,20763.37214946934,40,519.0843037367334,10,6
577,100,200,8,2.804154253367965,160,0.01752596408354978,48852.975803750414,40,1221.3243950937604,10,7
578,100,200,8,4.137456297078725,160,0.025859101856742034,21820.23954408309,40,545.5059886020773,10,8
579,100,200,8,4.491343116137816,160,0.028070894475861353,49910.41387486131,40,1247.7603468715329,10,9
580,100,200,13,1.810743834624084,160,0.011317148966400525,719704.9521436144,40,17992.62380359036,10,0
581,100,200,13,1.2271161704276805,160,0.007669476065173003,173879.94999710206,40,4346.998749927551,10,1
582,100,200,13,1.7619216239890674,160,0.01101201014993167,181420.99758362267,40,4535.524939590567,10,2
583,100,200,13,5.513637749055537,160,0.034460235931597104,89339.87778527602,40,2233.4969446319005,10,3
584,100,200,13,0.7091255053334014,160,0.004432034408333759,219689.2703208317,40,5492.231758020793,10,4
585,100,200,13,1.9170541124778466,160,0.011981588202986542,173685.8751884708,40,4342.1468797117695,10,5
586,100,200,13,2.3836396057614238,160,0.014897747536008898,311549.0102339863,40,7788.7252558496575,10,6
587,100,200,13,1.8826708007730755,160,0.011766692504831722,86033.01845951463,40,2150.8254614878656,10,7
588,100,200,13,1.7223755741219324,160,0.010764847338262077,146847.289700291,40,3671.182242507275,10,8
589,100,200,13,1.268197452018076,160,0.007926234075112976,71045.85263252337,40,1776.1463158130841,10,9
590,100,200,21,4.861597877389005,160,0.030384986733681278,5742176.866627396,40,143554.4216656849,10,0
591,100,200,21,1.4933491245367267,160,0.009333432028354542,2700971.8648123685,40,67524.29662030921,10,1
592,100,200,21,0.7616955703077567,160,0.0047605973144234795,859069.616809667,40,21476.740420241673,10,2
593,100,200,21,2.2338001160821763,160,0.013961250725513602,7100541.562165853,40,177513.53905414633,10,3
594,100,200,21,0.8805410676640885,160,0.005503381672900553,545684.3801882053,40,13642.109504705131,10,4
595,100,200,21,1.8835554080585073,160,0.011772221300365671,2986730.615532568,40,74668.2653883142,10,5
596,100,200,21,1.5197898787275446,160,0.009498686742047154,844845.648647617,40,21121.141216190423,10,6
597,100,200,21,1.4899043296673538,160,0.00931190206042096,1364504.2371470423,40,34112.60592867606,10,7
598,100,200,21,1.4024502151200728,160,0.008765313844500456,2059437.6037596317,40,51485.940093990794,10,8
599,100,200,21,1.4635481267085035,160,0.009147175791928147,9497902.872900028,40,237447.5718225007,10,9
